Date,Description,Debit,Credit,Balance,Reference
02/01/2025,NEFT-ABC SUPPLIERS PVT LTD-INV1001,"45,000.00",,"955,000.00",HDFCN25002123401
02/01/2025,UPI-SWIGGY CORPORATE,"3,250.00",,"951,750.00",
03/01/2025,RTGS-GLOBAL TECH SOLUTIONS LTD,"150,000.00",,"801,750.00",HDFCR25003998812
03/01/2025,NEFT CR-XYZ CLIENT LLP,,"275,000.00","1,076,750.00",SBINN25003112233
04/01/2025,IMPS-OFFICE MART STATIONERY,"8,420.00",,"1,068,330.00",
05/01/2025,UPI-ZOMATO,"2,100.00",,"1,066,230.00",
06/01/2025,NEFT-RELIANCE POWER BILL,"18,760.00",,"1,047,470.00",
07/01/2025,BANK CHARGES-SMS ALERT QTR,118.00,,"1,047,352.00",
08/01/2025,NEFT-KUMAR TRANSPORT,"22,500.00",,"1,024,852.00",
09/01/2025,NEFT-LAKSHMI TEXTILES,"64,000.00",,"960,852.00",
10/01/2025,UPI-AMAZON BUSINESS,"12,999.00",,"947,853.00",
11/01/2025,CHQ DEP-PATEL & SONS,,"98,000.00","1,045,853.00",
12/01/2025,NEFT-DELTA PRINTING,"15,750.00",,"1,030,103.00",
13/01/2025,NEFT-SHARMA CONSULTANTS,"35,000.00",,"995,103.00",
14/01/2025,NEFT-ZENITH LOGISTICS,"52,000.00",,"943,103.00",AXISN25014000111
14/01/2025,NEFT-ZENITH LOGISTICS,"52,000.00",,"891,103.00",AXISN25014000222
15/01/2025,NEFT-VERMA ENGINEERING WORKS,"76,500.00",,"814,603.00",
16/01/2025,NEFT-HIGH TENSION CABLES IND,"450,000.00",,"364,603.00",ICICN25016777001
17/01/2025,CASH WITHDRAWAL SELF CHQ 000451,"120,000.00",,"244,603.00",
18/01/2025,NEFT-MEHTA PACKAGING,"28,300.00",,"216,303.00",
19/01/2025,NEFT-ROYAL CATERERS,"26,400.00",,"189,903.00",
20/01/2025,UPI-GOOGLE WORKSPACE,"4,720.00",,"185,183.00",
21/01/2025,NEFT-ORION SOFTWARE LICENSES,"95,000.00",,"90,183.00",
22/01/2025,NEFT CR-SINGH & CO ADVISORS,,"56,000.00","146,183.00",
23/01/2025,NEFT-TRIPATHI FREIGHT,"31,000.00",,"115,183.00",
24/01/2025,EMI-HDFC LOAN 4411,"42,000.00",,"73,183.00",
25/01/2025,NEFT CR-ARORA RETAIL,,"310,000.00","383,183.00",
26/01/2025,NEFT-KAPOOR HARDWARE,"11,800.00",,"371,383.00",
27/01/2025,NEFT-ABC SUPPLIERS PVT LTD-INV1022,"38,500.00",,"332,883.00",HDFCN25027555123
28/01/2025,NEFT-NATIONAL INSURANCE CO,"22,000.00",,"310,883.00",
29/01/2025,UPI-UBER INDIA,"1,850.00",,"309,033.00",
30/01/2025,NEFT-IYER ASSOCIATES,"67,000.00",,"242,033.00",
31/01/2025,INTEREST CREDIT,,"2,140.50","244,173.50",
31/01/2025,NEFT-QUICKFIX TRADERS,"99,500.00",,"144,673.50",
